{
    "from_lat": 6.5243793,
    "from_long": 3.3792057,
    "to_lat": 6.447809299999999,
    "to_long": 3.4723495
}